lat,long
37.99255958180252,-87.55209563523789
37.99261804893684,-87.55189038697618
37.99217811441576,-87.55178203879021
37.99219773974755,-87.55196888830336
37.97909006241313,-87.58779370491388
37.97919432198829,-87.58806355322606
37.97892488253718,-87.58805210511585
37.979906149127,-87.58862123973795
38.36246887474474,-87.27165659450895
38.36285483960339,-87.27152575896363
38.36318847024392,-87.27096316611882
38.36299875870323,-87.27018469462425
38.36358751865711,-87.27023048706508
38.36560238605483,-87.27084214323939
38.36552388472765,-87.27008983885388
38.36636613855057,-87.26929501291613
38.36221865176432,-87.27025665417415
38.36166914247403,-87.27255281799431
38.36200931489184,-87.27243833689215
38.36217613021211,-87.27209816447434
38.38315479217987,-86.94695629766423
38.38227001680475,-86.94598975007325
38.6316942604201,-87.52425920236642
41.6736994212435,-87.49895146331494
41.67352401984056,-87.49890035568006
41.67325907786133,-87.49885946957215
41.67269525843327,-87.49879118977194
41.67006914372228,-87.4966806488816
41.6701431475776,-87.496398534737
41.66971507002781,-87.49685809458994
41.66986593976598,-87.49660909819278
41.67057490487712,-87.49684378445215
41.67059003273705,-87.49658456652801
41.67041013386224,-87.49662095516406
41.66991214106792,-87.4954258542299
41.67001435633769,-87.49532977187629
41.66862709069635,-87.49684092242455
41.67453063581723,-87.48568392129846
41.67440879521568,-87.48537318687838
41.67535776178023,-87.48498068024242
41.62609490808325,-87.51456852552164
41.62612679924742,-87.51440743425647
41.6263655741176,-87.51453254574668
41.62638111083861,-87.51476314339526
41.62615214863433,-87.51477295606118
41.62564761406274,-87.51451292041489
41.62567051028317,-87.5148604523321
41.62586676360114,-87.51430358354239
41.6263009740671,-87.51557923010914
41.62614887774569,-87.51515892091984
41.62639092350451,-87.51540014895652
41.6249345603408,-87.51414003911076
41.62568931789281,-87.51413595049998
41.59662665466917,-87.49357514455477
41.59639319499302,-87.49340628492911
41.59644757351655,-87.49374523076366
41.59865664992673,-87.46835781977995
41.59877399305643,-87.46841424260884
41.62259505724585,-87.18035484908773
41.62274388267863,-87.18035403136557
41.58302793517834,-87.12240328859909
41.58300667440224,-87.12212280989885
41.44753852863803,-87.02042086521196
41.44765955151743,-87.02064001475036
41.59576089133348,-87.0427389560749
41.67948317006734,-86.90600252324313
41.67946109156906,-86.90623720950254
41.67948112576194,-86.90638930582395
41.67980780576414,-86.90638317290775
41.68192039095977,-86.90715469376396
41.72934664068931,-86.86855657245376
41.64376097758716,-86.25671559293271
41.64413222344698,-86.25672867648726
41.64368411170431,-86.25733051999566
41.64448384397498,-86.25673848915315
41.66940474446736,-86.26438255588754
41.66925591903456,-86.2639573403653
41.66952331418029,-86.2636523300003
41.66820023972836,-86.26435638877848
41.66816671311988,-86.26390091753636
41.66767935071361,-86.26347488429195
41.66769161654599,-86.26325328158708
41.66767853299146,-86.26317641570422
41.66732200613049,-86.26329294111176
41.66732977449099,-86.2634622095985
41.66752561894788,-86.26326677400264
41.66754033794673,-86.2636134881977
41.66773986215333,-86.26493983353828
41.66857434761574,-86.26013857788654
41.69942250717159,-86.29940150731117
41.69939552234037,-86.29954297324456
41.69981337836318,-86.29962311001606
41.69980356569728,-86.29922406160287
41.69730705994839,-86.30852156254124
41.69738801444205,-86.30868837786149
41.73189670723892,-86.29806494044358
41.68710393171959,-85.93772626763972
41.68804104131286,-85.92130722442583
41.68896670279592,-85.91992118536773
41.69289626662695,-85.89170854432753
41.69290117295989,-85.89186064064893
41.69737493088723,-85.88656916056338
41.69706092557849,-85.88642851235217
41.69746651576894,-85.88641869968627
41.69779360463221,-85.88628786414097
41.69809125549779,-85.88621754003535
41.69843960513717,-85.88394590787995
41.6980029415047,-85.8849811441322
41.69809779727506,-85.8839524496572
41.69788028318099,-85.88260320809623
41.69836928103157,-85.88263591698257
41.69505914173528,-85.88154507562352
41.69519651905784,-85.88122289309321
41.69460448821533,-85.88096939922414
41.69422997146687,-85.88090725234014
41.69422015880097,-85.88116892343075
41.70423398434995,-85.85828251566784
41.70409497158307,-85.85887454651035
41.70363868261882,-85.85830541188827
41.70361578639838,-85.85800449013408
41.70364195350744,-85.85738629218248
41.70363214084154,-85.85748932517443
41.71045848541795,-85.82913399161761
41.74408894461703,-85.70078023306016
41.74421487382939,-85.70112040547795
41.74547007734217,-85.68267259358956
41.74506448715172,-85.6818352460996
41.54225794381488,-85.78892659310019
41.54233317425343,-85.78960693793579
41.5539521883989,-85.82401586862939
41.5538818642933,-85.82371821776381
41.66744180242591,-85.01371331245976
41.66688738680267,-85.01383106445053
41.52388086489294,-85.07129240050506
41.52405258654617,-85.07101928130422
41.52433551841289,-85.0710568965235
41.52425538164138,-85.07132510939137
41.52449252106725,-85.07140197527423
41.52477381748967,-85.07137744360948
41.52469531616248,-85.07086554953847
41.52468386805227,-85.07117137762565
41.52485886059413,-85.07089662298048
41.52483923526233,-85.07053028345364
41.52505184302345,-85.07083447609648
41.52500605058259,-85.07024735158691
41.52500441513828,-85.06995133616564
41.52454321984107,-85.07010833882003
41.52257823349498,-85.05749415680809
41.52262729682447,-85.05736659215141
41.52262075504721,-85.0576364404636
41.12255509549451,-85.37311037819754
41.12218875596766,-85.37248563846872
41.12339080754015,-85.3724463878051
41.08381428166789,-85.2317204929945
41.08387397538544,-85.23168778410816
41.004439924925,-85.19598081673001
41.00444600321458,-85.19564958135555
41.00444220428366,-85.19578851898983
41.00418995478088,-85.19551668448798
41.00405851113324,-85.19551467089909
41.00384728900003,-85.19552373204915
41.00369457041727,-85.1955146708991
41.00346359238591,-85.1955267524325
41.00319614312767,-85.19550258936566
41.00314675607207,-85.19599440845505
41.05676612476477,-85.05475977264129
41.05661580643142,-85.0550542600183
41.42318403205596,-84.86741747474093
41.42344825988526,-84.86733894477373
41.42367549495854,-84.86661002559103
40.95635490030934,-85.17033927224718
40.95660505180925,-85.17034329942499
40.95660885349647,-85.17075507835554
40.95691222743036,-85.1703181295637
40.99787542486703,-85.18010920560211
40.87251450877702,-85.17508228090695
38.77971072908075,-85.40873913715318
38.77969189252259,-85.40833239219488
38.77965264967708,-85.40947208351369
38.33771449383558,-85.83360337519764
38.33770106897535,-85.83378359140443
38.33668393115433,-85.83457291825422
38.3368552977657,-85.83461319003227
38.33698875811776,-85.83441787190868
38.33671394008329,-85.83608713710889
38.33666023988584,-85.83637306673305
38.33731885426395,-85.83426987312437
38.337384399492,-85.83440679716975
38.37043887987275,-85.80651103991158
38.36986739489798,-85.80765375161376
38.3344754767814,-85.75517459084213
38.96571541691083,-85.85997283206716
38.96597687337594,-85.8600835794568
38.9653600224439,-85.86081652581731
38.96551971533244,-85.8604077672701
38.96535845682556,-85.86111856415268
40.40419867673344,-86.86136784467685
40.40431060968992,-86.86114030913087
40.40437347606331,-86.8613587835268
40.40458967460654,-86.86088961731251
40.40512173473084,-86.86081108734533
40.41169087405935,-86.84736031347663
40.41184189002831,-86.84779222829619
40.85719223015321,-86.87647479541756
40.86296096181424,-85.53219781013328
40.86299065699471,-85.53190785333132
40.86259091306384,-85.53194107754821
40.86271654713067,-85.53213136169948
40.86300436245813,-85.53169944687993
40.86359141047893,-85.5322823808672
40.86329446076856,-85.53226425856708
40.56373183217925,-85.69527283797763
40.56332110930214,-85.69532116411128
40.56300675545334,-85.6952607564442
40.56284384156403,-85.69525169529413
40.56259717541357,-85.69523508318568
40.56235853938898,-85.69522753222729
40.56429284343344,-85.6937762380258
40.56433185017608,-85.69419607131199
40.56426072021657,-85.69426856051248
40.56458654070153,-85.69414170441163
40.56447181535957,-85.6941175413448
40.56474715584991,-85.69417794901186
40.56490088713094,-85.69419607131199
40.56519228724686,-85.6942413770623
40.56553645897799,-85.69421721399547
40.56552269214273,-85.69497533021726
39.19148520532827,-85.89349833219701
39.19167481903375,-85.89304527469393
39.18698582631489,-85.89408730695096
39.1877021879352,-85.89297580587677
39.18807675319567,-85.89283988862586
39.18740487533859,-85.89342584299646
39.53007738448122,-85.77382017237947
39.53002846300692,-85.77417959799855
39.54206094229663,-85.79153623094095
39.5419666099945,-85.79127043720582
39.54196078700868,-85.79238948923836
39.54205162553176,-85.79220071527875
39.54129696342322,-85.78914710770812
39.54189906332901,-85.78926037208387
39.54318243873163,-85.79192737058521
39.54315448888492,-85.79290597479182
39.54318709703832,-85.79245291728876
39.54318243873163,-85.79343152149538
39.54317778042462,-85.79387853823174
39.54316846380968,-85.79428628998451
39.54406227086,-85.79457624678645
39.54398773885536,-85.79478616342952
39.54847814925633,-85.79736406062196
39.54847116232894,-85.79710128727018
39.54849911003427,-85.79654855711645
39.54850376798407,-85.79611664229685
39.54873200714098,-85.7961075811468
39.54886010021644,-85.79553974907628
39.54909183163391,-85.7929014442168
39.54877159957136,-85.7925223861059
39.54881817887231,-85.79276854734923
39.54926883199425,-85.79286519961654
39.54944000954482,-85.79288634230002
39.34908614394367,-85.46838692611419
39.34888994870794,-85.46840504841433
39.34872645225738,-85.46840806879767
39.34973078155414,-85.46842317071443
39.34964669872481,-85.4684261910978
40.04137518256105,-86.48977373029331
40.04116475881543,-86.4898069545102
40.04085721524982,-86.48984319911044
40.0408132803415,-86.48931765240688
39.74588510116014,-86.16956929923664
39.74018701475011,-86.19537696480289
39.7406538412603,-86.19498129458354
39.74042391218034,-86.19576206368048
39.74065384126029,-86.1960338981823
39.74107189216753,-86.19574394138034
39.74110905212544,-86.19538149537789
39.74107653716335,-86.19494656017496
39.74163161191137,-86.19461733838939
39.74160141967604,-86.19491484614971
39.7418592144904,-86.19516855835144
39.74184992460394,-86.19610940776613
39.74242589519683,-86.19498431496685
39.74306863089053,-86.19559292221263
39.74282071096734,-86.19562916681286
39.74330319599198,-86.1956691868923
39.74305005144243,-86.19607693864505
39.74328229418367,-86.19462111386855
39.74303147198932,-86.19453050236793
39.74282245279661,-86.19456070620147
39.74351685855779,-86.19532184280662
39.74349363439794,-86.19601049021126
39.74332874263799,-86.19633367123012
39.74285264449696,-86.1961071424786
40.86144063276738,-85.52936832931763
41.69413774136235,-85.88083932482823
35.4577689,-88.6678115
29.2689294,-98.54254809999999
38.3822227,-86.9470321
38.38309196460252,-86.9468637241898
29.26248409999999,-98.54106639999999
39.74214583170976,-86.19462791203011
42.71301889289872,-82.80380431452414
34.14442051035405,-84.79580500370093
40.86448971187865,-85.53250966714111
40.86640691576206,-85.53092607549414
41.57149162496301,-85.7945248147363
41.08351361916701,-85.23187383119166
41.44355981653431,-85.22637825413075
41.44258017639063,-85.22478556872896
41.44206699633116,-85.22670417952959
41.55444049000874,-85.7770684396024
39.42484994335816,-84.32855183924576
37.05091018372757,-84.59782696176597
41.5165111906745,-86.67119497322936
38.3349357,-85.7551034
41.6468675,-87.45648469999999
42.0734521,-83.6979163
42.07415453882486,-83.69779338822022
42.0760231,-83.6948547
42.0816574,-83.6669786
42.08404168618478,-83.66272236955069
36.1888345,-86.2728813
36.18891564117298,-86.27327720677727
32.52863977070279,-90.09382828609048
32.52914,-90.09307000000001
32.5283894,-90.0907955
32.52948131855338,-90.09077781064414
32.5296892,-90.0874391
32.52910960142414,-90.08649504553651
32.5328208,-90.0923462
32.53418229587596,-90.09229291742022
32.32425136151002,-88.74444605797466
32.3248481,-88.7435302
42.39609559493419,-83.07694003891991
42.3963866,-83.0777825
42.3966848,-83.07683229999999
42.39610571527167,-83.07567388023121
42.3992024,-83.0752258
42.3980787,-83.078293
42.40482919999999,-83.08004509999999
42.404172,-83.08292019999999
42.402779,-83.0809933
42.4067041881526,-83.08323582584516
42.4061113,-83.0838945
42.4021263,-83.0782241
42.40258252897244,-83.07709189184865
41.69920399999999,-86.2997086
41.63901851674616,-86.25724527650732
41.6408997,-86.2597926
38.3380211,-85.8347405
38.338355992209,-85.83928350102894
38.7807717,-85.4090789
38.967168,-85.85994699999999
39.189115,-85.893458
39.3500111,-85.4666235
39.5286195,-85.7717459
39.5406597,-85.7890085
39.5447533,-85.7931411
39.547343,-85.79677
39.5480499,-85.7912139
39.741321,-86.195764
40.0400284,-86.4879806
40.5598964,-85.69607359999999
40.86572839999999,-85.53128889999999
40.862336,-85.529693
40.8634565,-85.5301882
40.8713111,-85.17525479999999
40.9568786,-85.1743621
40.99702621874383,-85.1818979030786
40.9973019,-85.1806387
41.0029617,-85.1962221
41.0563151,-85.05546679999999
41.061322,-85.0619998
41.12314,-85.3737
41.42335629999999,-84.868297
41.52298212101634,-85.05804722070515
41.5244462,-85.0694539
41.6671145,-85.0125393
41.7444176,-85.7005361
41.7106847,-85.8277524
41.5443821,-85.7925612
41.54477941182669,-85.7926703529545
41.5639724,-85.7944412
41.5664836,-85.79260819999999
41.5538668,-85.8220649
41.7045327,-85.8547945
41.6884939,-85.9214705
38.6302294,-87.5281979
40.8561111,-86.8755789
41.51640889999999,-86.6690921
41.4425783,-85.2242412
41.4418616,-85.2255625
41.4441528,-85.2261352
39.7459022,-86.1679223
42.7135873,-82.8045697
37.96922753061763,-87.61490301234404
37.96914219644532,-87.6143240543884
37.9695164,-87.6146074
41.07761379999999,-84.9464569
41.10997589999999,-85.1430489
41.6948265,-85.8770104
38.96950064342992,-84.61279877760921
38.96963652268107,-84.61271097907374
38.09656438629851,-84.51559419659253
38.09649840921472,-84.51561892537218
38.09638354249506,-84.51656525354905
38.09638733974488,-84.51671905449557
38.09635079120721,-84.51686018948179
38.09643717863044,-84.51710988984206
38.09665029881474,-84.51715633169648
38.09679411898879,-84.51718467932193
38.0968648423369,-84.51719493271835
38.06332171953223,-84.52542754304113
38.06325494078241,-84.52517497776128
38.06344488906647,-84.525239061489
38.05055325651541,-84.52486304079287
38.0507447219955,-84.5248837737636
38.05079963835862,-84.52488471617137
37.05660702209677,-85.0954322909028
37.05673144286767,-85.0955762059432
37.05701059129078,-85.09511647734195
37.05686224397093,-85.09460477942052
37.05707120624123,-85.09441689033999
37.05688617097763,-85.09429096467964
37.05676015532428,-85.0961438708248
37.05679365317661,-85.09645568674564
37.05717488959685,-85.09593999118424
37.05749231929703,-85.09576409502375
37.05639805854814,-85.0962997787852
37.05805539484479,-85.09573011508364
37.02845129108663,-86.32502560597307
37.028712735221,-86.3250025795666
37.02839716386825,-86.32423759117408
37.02914970746582,-86.32448072763954
37.02902843292014,-86.32506238426114
37.02933800177144,-86.3245007158396
37.02870928845358,-86.32408296245845
37.02840945994163,-86.32568753840421
37.02886502601449,-86.32568426353752
37.02912430365598,-86.32071583022996
37.02885571210133,-86.32043439637317
37.0315689537677,-86.32083172980916
37.03139052495364,-86.32083254852583
37.03112059338685,-86.32081126189232
37.03095719608852,-86.3211649474956
37.03080752385478,-86.32081863034236
37.03056988181326,-86.32082488584943
37.03177850905115,-86.32613343197292
37.03145375938899,-86.32633555265188
36.79984652855567,-87.39310577680662
36.79999993258667,-87.39334074849214
36.79975999281287,-87.3929575890886
36.82082966524179,-87.43366392628418
36.82095255147829,-87.43390826204167
36.82120446764623,-87.43381103943658
36.82123928526275,-87.4341052657414
36.82172877831236,-87.43354367727265
36.82203701396092,-87.43397734126107
36.82198581211193,-87.43427028832107
36.82329345563894,-87.43542278554949
36.82330263085602,-87.43559553476776
36.82346123086301,-87.43537284383238
37.09155988737943,-88.69253148788233
37.09164222614857,-88.69286683423212
37.80828562196902,-87.56791185645612
37.80813799024306,-87.56794066399581
37.80826040157007,-87.56847165702465
37.80850505781864,-87.56785334722379
37.80934979192834,-87.56790251347026
37.80920523794961,-87.56792509235272
37.80962838192062,-87.56783053719977
37.80953827633963,-87.5677735121397
37.80968995400438,-87.56749218850993
37.80986115416258,-87.56756442025271
37.80974251549869,-87.56799020736803
37.80991071202902,-87.56717284817343
37.80947069708174,-87.56708350891262
37.80975302779306,-87.56690483039101
37.80989118923711,-87.56691813623837
37.81004887317803,-87.56692383874437
37.81013747638754,-87.56719185652676
37.81005938542878,-87.5680358274161
37.81017952533112,-87.56754731273466
37.68268541833386,-85.92086335365207
37.68280187557775,-85.92085556783054
37.68293681786977,-85.92079717416901
37.68374092095849,-85.9216723005099
37.68389865969878,-85.92190198224525
37.80234854229608,-85.40683156803274
37.80216158030532,-85.40689093535981
37.80261865096261,-85.40677490108777
37.80273353915631,-85.40677571837178
37.8356262324594,-85.46444681639791
37.83547619579115,-85.46447328819114
37.83591646645976,-85.46434637930011
37.83580947355013,-85.46447484535548
37.83594475191568,-85.46444292348717
37.88157567810583,-85.45973296909268
37.83111734980451,-85.47549941293606
37.84387789455467,-85.47467096259552
37.84389230474777,-85.47431573448787
37.96896420089271,-85.67478171223476
37.96904433390611,-85.67438563824749
37.98019026008338,-85.70742802300877
38.17864579741176,-86.2421347236257
38.19574864625073,-85.75349136794291
38.19555146033159,-85.75348195906668
38.20085372706696,-85.75685347304868
38.20077054515458,-85.75656728639673
38.20077547445574,-85.7567389983879
38.20061958514496,-85.75693736886173
38.20059986789609,-85.75721963514859
38.20110820151249,-85.7564583002471
38.21748859987071,-85.5610809102523
38.21772768884283,-85.56109347103236
38.21774024884216,-85.56095987000798
38.26792023857018,-85.51447694485124
38.2007139950937,-85.25912435615548
38.20073111073459,-85.25926592489503
38.20045383685683,-85.25943580738249
38.20036825828625,-85.25937482392546
38.17835417865141,-84.80176933699146
38.17897217196195,-84.80159788635797
38.17949702386677,-84.80134280126909
38.17930417684214,-84.80147522249007
38.17974281542565,-84.80261326440247
38.16454822257589,-84.81543703650232
38.16439581755902,-84.81526715401486
38.1647280258378,-84.81518439075174
38.16463726805627,-84.8150232201867
38.19993606794663,-84.54628294834967
38.20009526171409,-84.54613261746992
38.20005253078963,-84.54590658806207
38.20035918745641,-84.54585861012171
38.20025864442929,-84.54595349982597
38.26776317419088,-85.51446298526874
37.05385798302945,-85.0776329830122
37.03583991805054,-86.31584613591359
37.03500399715071,-86.31635011983207
37.0087402,-86.365121
37.04416506563203,-86.31972091294371
37.0427936,-86.3192356
37.0343968,-86.3170923
37.0358769,-86.31691649999999
37.0376033,-86.319656
36.8211398,-87.4319123
36.80461093662922,-87.39126331852331
36.8051487,-87.38977969999999
36.7998417,-87.3921871
36.79504202085767,-87.38784934306989
36.7946586,-87.38590239999999
36.82927363327442,-87.43830869309132
36.8288688,-87.43684379999999
36.83420986235598,-87.44551115063462
36.832112,-87.444715
37.8066606,-87.56681859999999
37.6834644,-85.9177103
37.6839977,-85.9229194
37.67826889418956,-85.92013280179407
37.6761503,-85.92181409999999
37.0531014,-85.0767151
42.60444813331949,-83.9424606603535
42.6043056,-83.9435252
42.6064512,-83.9523265
42.60645017895555,-83.95488550265188
37.80446999999999,-85.4071807
37.8315887,-85.4748077
37.8345244,-85.464767
37.8432388,-85.4759445
37.9701004,-85.6750106
37.9650368,-85.6776577
37.96415917995647,-85.67796533538873
38.268552,-85.5140218
38.2014575,-85.2574358
33.02207319761848,-83.91519219993789
40.02304306681026,-83.79079210690993
40.0190049,-83.79136439999999
38.9696552,-84.613935
38.98371882571926,-84.61872052963827
38.9845771,-84.6187607
38.97003360825003,-84.62108985577473
38.9703921,-84.62044259999999
38.1674094,-84.8130721
38.16598126269859,-84.81190195689852
38.16511455247073,-84.8142392608678
38.1748974,-84.79714419999999
38.17574751806593,-84.79841853588256
38.17484368427624,-84.80574469347039
38.1751074,-84.8071181
38.1784595,-84.8004144
38.2549888,-84.5325771
38.2565788,-84.52957959999999
38.2630329,-84.5319823
38.261237,-84.5314385
38.1995758,-84.5433338
38.2923599,-87.559635
38.28957370971565,-87.5613595200568
34.65616329645506,-86.84689802392393
34.6556059,-86.8443814
34.65270742976337,-86.85504294994867
34.6521957,-86.8525792
34.6809845,-86.8494821
33.0229938,-83.9144529
38.1982612,-84.54124449999999
38.1982356,-84.5433018
38.19702892882615,-84.54291516567824
38.19785214070907,-84.54160817583353
38.097125,-84.5163668
38.1013205,-84.5212951
38.10175827209266,-84.51983731818109
37.9657434,-85.67762859999999
37.9806939,-85.7065243
41.36109216195994,-85.06753469058962
41.3615455,-85.0680524
41.3598861197361,-85.0685676979273
41.47219006496259,-82.00237517645573
41.4718723,-82.0009134
41.98828132917467,-83.82445325136867
41.9880399,-83.8226399
41.97491620814194,-83.6672957628146
41.9755017,-83.6671278
41.96247879915521,-83.67010266006878
41.962945,-83.6714322
42.3872272,-83.47705859999999
42.386373,-83.486358
36.099513,-86.1598207
42.25414749999999,-83.44492939999999
42.25420109880022,-83.44368108143313
42.25745556417314,-83.4433449200332
42.2566835,-83.4440084
42.2554598,-83.40211269999999
42.25665305082622,-83.401784621127
42.2608352,-83.4429297
42.26033413440143,-83.44260057015099
41.260258,-82.8412644
41.28054812391632,-82.87333625013584
41.2801509,-82.874245
41.8204789,-83.8354859
41.81967446244116,-83.83631512880007
40.8950225,-83.8785539
40.89560580943903,-83.8791357651469
42.2001398,-83.391015
42.19964804889125,-83.39321279757058
42.19841266349001,-83.39361824274248
42.27725017744847,-83.41851250909953
42.27353765317861,-83.41562430209892
38.1649706065318,-84.81421905795469
39.9051523,-83.7162353
37.67889549322359,-85.91966021797307
37.68330924434097,-85.91870104506064
42.476702,-83.29305149999999
42.4824609,-83.2628105
35.52191151055789,-86.45137741910649
35.5228512,-86.4525683
35.52341782427786,-86.45056611575248
35.0483476,-90.16003239999999
35.9438513,-89.71609409999999
34.6167337,-87.1166575
34.659542,-87.0802459
33.5972831,-86.22268489999999
41.712515,-93.036267
32.7780658,-96.89777219999998
38.6464637,-90.18545259999999
44.9878785,-92.53961269999998
29.9913768,-94.965187
36.2046543,-115.137071
38.2875977,-84.5457387
41.12281022480785,-85.37263937023444
45.3327385,-122.7597166
45.3304316169361,-122.762792444085
42.51508219999999,-83.4411263
42.5126633860618,-83.4443513852509
42.4672989,-83.42876609999999
42.4648782354889,-83.4319936526814
42.4961634,-83.3928297
42.4937438540574,-83.3960557612567
42.7138804,-83.06754529999999
42.7114692926699,-83.0707601097734
42.7141803,-83.0680165
42.7129747545597,-83.0696238939204
42.3998644,-83.08195769999999
42.3974411282373,-83.0851887290169
42.53473049999999,-83.1184245
42.5323124427405,-83.1216485763459
42.6503238,-83.2420916
42.6479102252394,-83.2453096996808
42.3818778,-83.22416609999999
42.3794538373568,-83.227398050191
42.5413936,-82.9389272
42.5389758059331,-82.9421509254225
42.4060303,-83.08392099999999
42.4036072667556,-83.0871517109925
42.1769413,-83.7658318
42.174509441579,-83.7690742778946
33.0115986,-85.0625451
33.0088468392089,-85.0662141143881
42.3970413,-83.4999141
42.3946179213153,-83.5031452715796
36.0915827,-78.8361408
36.0889309606184,-78.8396764525088
29.5220123,-98.14742210000001
29.5191568166536,-98.1512294111286
42.3920946,-83.49521709999999
42.3896710321457,-83.4984485238058
42.2900133,-83.67286399999999
42.2875857924816,-83.6761006766912
42.4096048,-83.4274315
42.4071819065767,-83.4306620245644
42.3880585,-83.0673106
42.3856347758751,-83.0705422321666
42.3863117,-83.5264851
42.3838879018521,-83.5297168308638
42.0521954,-80.1875065
41.7409400250824,-80.6025136665568
33.8502858,-118.2912393
33.8475604982891,-118.294873035615
37.8976326,-121.2788194
37.8950431138911,-121.282272048145
42.2920848,-83.6763498
42.2896573747292,-83.6795863670277
42.3897407,-83.49019919999999
42.3873170416732,-83.4934307444357
42.496178,-83.391672
42.4937584540574,-83.3948980612567
42.3878512,-83.06738779999999
42.3854274676503,-83.0706194431329
35.2148099,-81.8422272
35.2121288968922,-81.8458018708104
33.6377177,-80.2690515
33.6349856375294,-80.2726942499608
34.7702907,-79.3682266
34.7675950979281,-79.3718207360959
35.746221,-81.7102061
35.7435576636949,-81.7137572150735
34.9788308,-81.2445114
34.9761420327107,-81.2480964230524
34.5060044,-82.7095355
34.5033001948203,-82.7131411069063
40.9002835,-98.3839825
40.8978031483441,-98.3872896355413
40.092633,-76.1012506
40.0901226114896,-76.1045977846806
42.7008011,-73.82875419999999
42.6983894827343,-73.8319696896876
35.1044314,-106.6417725
35.1017467615445,-106.645352017941
35.1914973,-101.8942408
35.1888155319887,-101.897816490682
61.2211002,-149.8310295
61.21952037002039,-149.833135939973
32.7497443,-97.06109509999999
32.7469843966881,-97.0647749710825
33.4530298,-81.9751632
33.450291889719,-81.9788137470413
33.4529551,-112.2758038
33.450217189719,-112.279454347041
35.3534451,-118.9537743
35.350768686313,-118.957342851583
45.75112910000001,-108.5454595
45.7488393244546,-108.548512534061
34.0475357,-117.3690169
34.0448167066865,-117.372642224418
42.2252556,-71.1733656
42.2228256003767,-71.1766055994977
40.1190344,-74.88998649999999
40.116524990237,-74.893332379684
40.8261306,-73.84263
40.8236474765971,-73.8459408312039
39.9619497,-75.3376821
39.9594345,-75.3410357
41.942536,-91.67796720000001
41.9400951436823,-91.6812216750903
35.2747423,-80.8217023
35.2720632790614,-80.8252743279182
36.7754056,-76.3668922
36.7727771284885,-76.370396828682
37.3791085,-79.8977555
37.3765008782766,-79.9012323289646
33.9417449,-80.95645569999999
33.9390225180819,-80.9600855425574
32.6750024,-96.9692032
32.6722401773034,-96.97288616359539
42.3157636,-83.1552359
42.3133370876785,-83.1584712497619
39.88427679999999,-104.8614547
39.8817587460053,-104.864812105326
41.6543095,-93.5936881
41.6518576389421,-93.5969572480772
33.9275043,-118.1137921
33.9247814657197,-118.117422545707
32.7980283,-116.9716748
32.795269893596,-116.975352675205
31.6662435,-106.2432647
31.6634505166693,-106.246988677774
40.8583229,-115.747037
40.8558409774133,-115.750346230116
32.8029119,-97.31756700000001
32.8001536416418,-97.3212446778109
36.7010147,-119.7804976
36.6983836788102,-119.784005628253
34.2434059,-83.8027809
34.2406932068592,-83.8063978241877
44.291658,-105.4636739
44.2893090965939,-105.466805771208
39.1570382,-76.6643927
39.1544936375765,-76.667785449898
39.110681,-108.6388744
39.1081347679485,-108.642269376069
36.0315122,-79.8046342
36.0288584455501,-79.8081725392665
40.3419635,-76.703279
40.339462331455,-76.7066138913933
39.8715577,-104.8948126
39.8690391771935,-104.898170630409
32.7010013,-103.176975
32.6982398833307,-103.180656888892
29.8069889,-95.29850449999999
29.804141501601,-95.3023010311987
33.6991036,-117.8392689
33.6963734867996,-117.842909050934
30.3315808,-81.7640656
30.3287484529273,-81.7678420627636
42.08012129999999,-79.36281269999999
42.0776857157589,-79.3660601456548
39.1676431,-94.4832126
39.1650989241406,-94.4866048344792
35.5740916,-78.1519498
35.5714225228065,-78.1555085695914
29.9828384,-90.2712354
29.9799960187098,-90.2750252417203
38.7907088,-77.5580908
38.7881510450479,-77.5615011399362
33.3827805,-111.8274757
33.3800403772563,-111.831129196992
29.6931957,-91.18495410000001
29.6903450610422,-91.1887549519437
36.2310342,-115.1101055
36.2283871816355,-115.113634857819
31.8389216,-102.3396948
31.8361338229477,-102.34341183607
35.4636675,-97.61752680000001
35.460994746335,-97.6210904715534
41.1597826,-96.128456
41.1573120111442,-96.13175011847429
28.6016553,-81.4204877
28.5987742129493,-81.4243291494009
45.5571106,-122.6991262
45.5548128711034,-122.702189838529
37.4730327,-77.42732409999999
37.4704283435097,-77.4307965753205
41.6464864,-72.67535409999999
41.6440342346257,-72.6786236538325
29.48553279999999,-98.40111879999999
29.4826762885575,-98.40492748192331
37.6946442,-122.1641447
37.6920475830168,-122.167606855978
32.1297719,-81.1703175
32.1269929481243,-81.1740227691676
39.5279906,-119.7452561
39.5254595097473,-119.748630887004
47.5850065,-117.5707049
47.582793124329,-117.573656067561
33.0280765,-80.1361568
33.0253252491446,-80.1398251344739
47.21090819999999,-122.243413
47.208679049223,-122.246385201036
27.99694239999999,-82.3891713
27.9940448963114,-82.3930346382515
32.2028779,-110.9474483
32.2001011770366,-110.951150597285
36.1642879,-95.79364760000001
36.161638628049,-95.7971799626014
38.5884686,-121.566475
38.5859035990268,-121.569895001298
40.7242128,-112.018399
40.7217258603045,-112.021714919594
41.2759282,-77.0518757
41.2734619949458,-77.0551639734055
40.2416117,-75.630667
40.2391068138597,-75.6340068481871
36.8867417,-76.4366137
36.8841170530058,-76.4401132293256
42.5000753,-83.0328378
42.4976559021033,-83.0360636638623
34.1043025,-79.89549819999999
34.1015853325851,-79.8991210898864
33.8422688,-118.3173463
40.42604499999999,-79.96503
40.423546956867,-79.9683607241773
48.8483164,-122.7027546
48.8461569705855,-122.705633839219
28.719323,-96.3169394
28.7164451452833,-96.3207765396222
35.9138212,-82.359703
35.9111634894365,-82.3632466140846
36.1399723,-78.7220177
36.1373222055721,-78.7255511592372
29.6287128,-95.3014405
29.6258603351436,-95.3052437864752
39.7466553,-94.7681983
33.6832653,-117.8529982
33.6805346850887,-117.856639019882
42.4840765,-83.4604117
42.4816564852456,-83.4636383863391
35.2517847,-80.502341
35.2491049223827,-80.5059140368231
30.5370688,-97.8012128
30.5342424158845,-97.804981312154
47.766876,-122.1852085
47.7646703227123,-122.18814940305
35.2532726,-80.7860767
35.2505928717313,-80.7896496710249
31.718147,-106.287321
31.7153555793753,-106.291042894166
36.3298018,-82.3439386
36.3271581291163,-82.3474634945116
34.4859804,-80.2458252
34.4832755450636,-80.2494316732486
41.6514642,-72.6636904
41.6490122320201,-72.6669596906399
33.63633,-117.7379904
33.6335978964056,-117.741633204793
36.1903829,-94.1067091
36.1877345080992,-94.1102402892011
33.2832091,-111.9591036
33.2804658436195,-111.962761275174
36.3472485,-119.3709008
36.3446054212996,-119.374424904934
41.535405,-90.46038469999999
41.5329486235442,-90.4636598686077
38.0683799,-97.87250019999999
38.0670881672108,-97.87422251038561
42.4982813,-83.41506849999999
42.4958618363051,-83.4182944515931
40.9982733,-76.439757
40.9957966330403,-76.4430592226129
40.0757154,-76.3412969
40.0706933563648,-76.3479929581803
38.4251901,-78.85085579999999
38.4226192841155,-78.8542835545126
42.3788803,-83.7434706
42.37645622221,-83.74670270372
39.7540835,-75.63594239999999
39.7515606674149,-75.6393061767802
37.2911489,-77.2807199
37.2885382186627,-77.2842008084497
37.3682917,-121.9156755
37.3656836999372,-121.919152833417
42.4823384,-83.262883
42.4799183194475,-83.26610977407
41.11485589999999,-77.46880639999999
41.1123836168419,-77.4721027775441
34.8637562,-82.27285189999999
34.861063657542,-82.2764419566107
42.4855972,-83.2863038
42.483177242819,-83.2895304095746
37.6777354,-97.3403773
37.6751381908335,-97.3438402455554
37.830309,-96.883099
37.8277171451577,-96.8865548064563
39.891287,-75.168857
39.8887692009732,-75.1722140653691
39.8763911,-75.54010509999999
39.8738727581384,-75.5434628891487
39.8938621,-75.1790025
42.6124478,-82.8869758
42.6100327530058,-82.8901958626589
29.8449577,-95.53515360000002
29.8435345436352,-95.5370511418197
35.9440401,-80.0233556
35.941383401083,-80.0268978652226
40.6282481,-91.35781600000001
40.6257575825302,-91.3611366899597
38.9804696,-78.1738056
38.9779186633809,-78.1772068488254
38.5306324,-121.4040307
38.52806533461,-121.407453453853
32.110368,-95.2961538
32.107588455941,-95.2998598587454
34.0167767,-117.3792273
34.0140567197143,-117.382853940381
30.5378675,-97.67824590000001
30.5350411405588,-97.682014379255
34.805611,-82.2771684
34.8029165576205,-82.2807609898394
42.5721782,-82.9505393
42.5697615985246,-82.9537614353006
34.1513691,-83.80834999999999
34.1486534459425,-83.8119708720766
42.6519246,-83.2185283
42.6495110910375,-83.22174631195
34.9064864,-82.09122289999999
34.9037952557526,-82.0948110923298
32.3442025,-93.61653210000001
32.34143009504,-93.6202286399466
34.8110174,-82.2817919
34.8083231303406,-82.2853842595459
42.50550339999999,-83.2869934
42.5030842159473,-83.290218978737
41.83695609999999,-89.4580119
41.834511205321,-89.461271759572
45.63077800000001,-121.5479351
45.62848328959349,-121.550994713875
42.4969022,-76.4718189
42.4944826787318,-76.4750449283577
42.382113,-83.35981799999999
42.3796890455815,-83.3630499392246
42.2903247,-71.657277
42.2878972007063,-71.6605136657249
34.663395,-82.976744
34.6606959106263,-82.9803427858316
42.491309,-83.42544199999999
42.4888892648878,-83.428668313483
37.3820466,-121.9996484
37.3794390769738,-122.003125097368
34.5692722,-82.7050256
34.5665700510124,-82.7086284653168
34.6238604,-82.6075074
34.6211600275624,-82.6111078965835
34.6966127,-82.2335416
34.6939146962957,-82.2371389382724
34.9083,-82.08554149999999
34.905608913326,-82.0891296155653
37.4832505,-122.1743908
37.4806464971747,-122.177862803767
42.4797036,-83.078873
42.4772834125255,-83.0820999166327
42.85427087604162,-85.38394443651063
41.28833869972475,-81.46120185558004
42.7043791,-83.2768486
42.7002866,-83.2692008
42.6970532,-83.2535054
42.69108079999999,-83.25531319999999
42.6459671,-83.2106795
42.6384923,-83.2027298
42.63598,-83.240381
38.9245556,-92.2900746
38.92477357805307,-92.28888442061579
38.924274450689,-92.28822433372616
35.96641454301398,-85.03373533957141
35.966796,-85.03233499999999
37.6269179,-84.7929679
38.68303678396171,-84.58085885610362
38.68251054740481,-84.58160466058698
38.681992,-84.5842619
41.0977246,-85.1708348
36.20161113265085,-85.94046606853024
36.19578060335705,-85.93819079558978
36.19950534015963,-85.94034557443015
36.198827,-85.9388894
37.80518008440111,-87.64685831999292
37.8035278,-87.6460189
35.83950082977417,-88.92308440371282
35.8387184,-88.9226608
44.2562188,-85.4226176
40.3902059,-86.8543438
40.39019600205231,-86.85599254932
40.77688525851389,-84.09188723375014
40.77696296447232,-84.08383965713013
40.7777452,-84.0861034
40.7498972,-84.1226518
40.74804239497781,-84.1175455677318
40.3638739,-86.8364491
39.63810232600483,-86.83325351045373
39.64019940729657,-86.8353233918165
39.6407317,-86.8336429
38.2981589,-85.5122784
38.29875740625617,-85.51343454555243
38.30188688499491,-85.51916592040521
38.3018618,-85.5194957
34.2030258,-80.6903076
34.20311326263005,-80.69111012826959
41.5699893,-83.6953589
41.5708048,-83.6968523
41.56983213209848,-83.69772694630998
41.5677315,-83.6933969
41.56784644981204,-83.67753033802973
41.6808334,-83.5668379
41.68072808780275,-83.5655004314256
41.68007334945813,-83.56501947285624
36.3103083,-88.2612719
36.30972507480034,-88.26055317826926
40.2407989,-75.6293869
38.98969182041855,-87.7262938087617
38.9903984,-87.72568509999999
41.80415933762026,-89.72337565268568
41.8036556,-89.72258819999999
36.25155689294824,-83.20052219246571
36.2507755,-83.2004473
36.0744651,-83.73205039999999
36.15868032601904,-84.08049053619945
36.158507,-84.078383
36.15834932934958,-84.08454449067007
36.15831119868287,-84.084036530897
42.34932429518719,-85.28333416292318
42.3477609,-85.2807713
41.73096473706544,-86.00861756976872
41.7310582,-86.0077934
42.77662344649958,-86.12210013434844
42.776535,-86.1234436
42.8532552,-85.3829143
43.40760770768038,-83.8771983117808
43.4094452,-83.8796014
41.6461535,-81.35214549999999
41.2881922,-81.45970799999999
41.28539895010526,-81.45707391669137
41.2859044,-81.4570909
42.0901327,-80.1459596
39.8187195,-85.7823382
39.6385928,-84.2389108
41.6625149,-81.25059449999999
41.7308928,-81.25000589999999
33.3740819,-84.5732895
32.4024314,-88.6629257
36.1971168,-86.5157241
41.516936,-83.087766
41.5281875,-83.8114544
41.38913549999999,-84.09486
41.39073045513401,-84.09359912057847
41.38919529452882,-84.09433814081922
40.5625453,-84.1920592
40.561608,-84.1904114
40.5607882064505,-84.19010807636093
40.446788,-83.9008471
40.37723159999999,-84.1891065
40.2870571,-84.176964
40.28501036994911,-84.17623978956394
40.3270174,-83.5546427
40.3022546,-83.5279681
40.2702227,-83.5507138
40.2269354,-83.33185999999999
40.2909894,-83.5566228
40.2767082,-83.5071306
40.28180709999999,-83.5514256
40.03687376907542,-83.12662176691717
40.0372145,-83.1278565
40.8583943,-81.809106
40.85842968860547,-81.76825152723914
40.8575706,-81.7678756
40.70622729999999,-80.1108078
40.5464973,-79.64960289999999
40.5489125,-79.646587
40.4479297,-80.00136359999999
38.0165481,-84.18167869999999
38.21316824774429,-84.81739286242548
38.21413039999999,-84.81819589999999
39.3787504,-84.2453266
40.0960092,-84.6094749
40.02686652133139,-84.2214255847006
40.02756783708399,-84.22007464489973
40.0271599,-84.2209536
38.9074401,-84.6211838
38.5136871,-85.22951499999999
38.5136490294662,-85.2290215097256
38.2200995,-85.3361426
38.1788025,-85.6798019
38.17770892270889,-85.67927824750683
38.7831115628212,-85.40915019850178
38.78362927117165,-85.40868116760254
38.7901713,-85.8408958
38.78889936963223,-85.83729978064967
38.7881438,-85.838011
38.7862566,-85.8368991
38.9309249,-85.91118829999999
38.94478450860776,-85.91010630913605
38.9447255,-85.9096622
38.9614898,-85.8801708
38.9612510120612,-85.87807956999734
38.9680152,-85.86461849999999
38.96880007251868,-85.8581870958817
38.96836607207387,-85.85819997332797
39.21349776954207,-85.90777409501048
39.24631854682458,-85.9361038685147
39.24605269744082,-85.93615163148462
39.3369757,-85.9620868
39.33682726015451,-85.96074942700675
39.34090779007675,-85.96196352619606
39.3407734,-85.9632409
39.3439264268203,-85.96833175604773
39.34363159999999,-85.96801219999999
39.3480142500695,-85.95854084870987
39.3477328,-85.9578839
39.480734,-86.0061015
39.491343,-86.013144
39.3532724,-85.4630195
39.35478016352501,-85.46158259159301
39.36818345607656,-85.53886940654945
39.3673122,-85.5448328
39.5135383,-85.7450485
39.6959638,-86.3486556
39.825657,-85.88446859999999
40.0812368,-85.64611529999999
40.08094896757724,-85.64427027297678
39.6424813,-85.4440389
40.1509554,-85.4073066
40.21626819999999,-85.5532693
40.4545488,-86.1021085
40.45863371302823,-86.11824745386501
40.46025586518846,-86.11675071434917
40.46056243565066,-86.11417519932246
40.4580428,-86.11146579999999
40.4596977,-86.1062316
40.112953,-87.5433852
40.14173320793208,-87.55760926457384
40.14174564473848,-87.55667967035808
40.1424444,-87.556235
37.7557945,-88.991333
37.9313078,-87.32300819999999
37.98997297931757,-86.71804925415526
37.9902704,-86.716199
37.6725393,-85.93029489999999
37.67154099006908,-85.92524376234743
37.6691208,-85.92305809999999
37.67738729740857,-85.91921810222931
37.68402501810989,-85.87851192110983
37.68428830634627,-85.8782245545554
37.6840743,-85.87835969999999
37.681351836039,-85.8803367003242
37.6821352,-85.8807738
37.68170636922216,-85.88916153631426
37.682283,-85.885949
37.68327002913727,-85.88899412740176
37.02847227562994,-86.32506893273077
37.01228163433148,-86.36449686271754
36.740673,-86.5746307
36.2682895,-87.0678748
35.973841,-86.48723679999999
35.97379707377048,-86.48675336584914
35.97420212760012,-86.48668541287672
35.9585695649808,-86.48749011319093
35.96158106450413,-86.48943646399113
35.9640439,-86.4930116
35.96004795687634,-86.47030363163532
35.96115873454522,-86.46906567272981
35.9602231,-86.46966979999999
35.96842917367939,-86.47593145288404
35.968452,-86.47692359999999
35.95479251567451,-86.48338527144912
35.9546432,-86.4845275
34.13094979064304,-86.88927872740138
34.130604,-86.88720459999999
34.15102,-86.83214559999999
39.9379097096888,-83.77407695834714
39.9378775,-83.7761325
32.5586175,-90.0800383
32.55883300033931,-90.07932660638863
40.7225612,-85.1773211
41.1401214,-85.1778717
41.14013732970071,-85.17613595927116
41.3609234,-85.22751799999999
41.35872503016876,-85.21836257708648
41.35964083485122,-85.21837600471521
41.3601989,-85.21948239999999
42.32741866501642,-83.10346474272018
42.32664024684538,-83.10244776699878
42.32631155252833,-83.10221886984571
42.3275052,-83.10238849999999
34.414113,-83.09702949999999
34.41416915080926,-83.095743472823
43.2051352,-86.2701451
29.2685671,-98.5445034
29.2680581133954,-98.54373130927921
29.2580876,-98.54054680000002
29.25648176165449,-98.53985945797517
29.2586649,-98.53731379999999
29.25678724812931,-98.53743346675542
29.25837709999999,-98.5357349
29.25502091565592,-98.53940716872968
29.255162,-98.54060779999998
29.25715,-98.54364799999999
29.2581515821557,-98.54222253997354
29.25810036069808,-98.54170688974126
29.28445586583114,-98.54769442188176
29.2853079,-98.54719329999999
42.5956351,-83.1632054
34.79626787851818,-84.95225349653923
34.79595286521424,-84.95285759392131
34.79544563269794,-84.95426852308094
34.7969454,-84.9538754
34.8037888,-85.00177889999999
34.80458181263172,-85.00363248500507
33.9593892,-84.221535
35.96461922963196,-85.85399180660936
35.9659865,-85.8527536
35.96477371486217,-85.85228848477438
35.95533456248167,-85.79389619522082
35.95548899762917,-85.79596195785193
35.9569156210866,-85.79629041278307
35.95570256639342,-85.79378875366291
35.9565998,-85.7950125
39.13637790550639,-94.55382218147022
39.1370024,-94.55346349999999
40.2783447,-86.5603986
40.8744354,-84.5970789
41.7293837,-86.2994303
41.68589764241038,-85.89721920845629
41.6860084,-85.8957214
41.4794913,-85.6036663
41.47883278467369,-85.60511872450837
41.4804459,-85.6043846
41.479939453867,-85.60442010277355
41.4759857,-85.601494
41.47694042361173,-85.6007199992048
41.4771133276113,-85.60143269523155
41.47486252280806,-85.60105116660861
41.64535428488257,-85.0074819366638
41.6445002,-85.00693609999999
41.41249951968145,-84.09471098997207
41.4115524,-84.0942077
41.41161463198375,-84.11062329502467
41.4105774,-84.1114683
41.8785705,-83.42327879999999
43.1809368,-85.2460282
42.76870746588781,-84.59367966542347
42.7683844,-84.59409769999999
42.26841980602257,-84.97516174754547
42.26845857581816,-84.97801642847521
42.2677746,-84.9760991
42.2692315,-85.0260291
42.0346061,-84.75602289999999
42.03404260575103,-84.75349938636171
42.0344649427625,-84.75336017376817
42.28784479452289,-84.22378982213088
42.2881752,-84.2259381
41.3609512,-85.07256
41.9573087,-85.64208649999999
41.95752239870499,-85.64011467264271
41.96295986617127,-85.63602646510286
41.9624063,-85.6350693
41.99070786114719,-85.62767409485205
41.9914796,-85.62772009999999
41.289931,-82.605347
40.0113429,-81.622692
35.8682681,-83.49896439999999
36.9751806,-85.9337474
35.74935245085468,-86.96434426667945
35.751187,-86.960585
35.75136802810827,-86.96119462622985
35.7497749,-86.9632568
35.75136185235832,-86.94918065836565
35.7499275,-86.95348349999999
35.7357177,-86.96105949999999
35.63118156713071,-87.07264516369845
35.6301846,-87.0718452
35.56107669032441,-87.17339689093362
35.5616912,-87.17530819999999
34.7899698,-86.952446
34.7898869427221,-86.94898059896619
34.76532561609126,-86.97827757979678
34.7655744,-86.97474989999999
31.714487,-106.2743453
31.7139908,-106.2742569
40.8199201,-91.14332189999999
44.1097573,-87.6822801
43.48555243558127,-88.5572147273123
43.4854393,-88.5556411
43.1514923,-88.0516225
41.6080871,-87.475562
41.8801914,-87.86440209999999
41.88093340948397,-87.86569834209703
41.981753,-88.1235418
42.0632611,-88.3496079
42.3133842,-88.2836217
42.6995132,-87.8725903
42.70020216353667,-87.874568233424
42.72976209999999,-87.7876876
45.0551034,-93.27817530000002
44.9904168,-93.40362039999998
45.3068264,-95.567509
35.7728843,-83.9742126
35.7613251,-84.0065576
35.9606431,-84.0102671
35.4139041,-82.5164544
35.41300132876864,-82.51522640024724
35.4147412663414,-82.51560287146697
35.4771974,-82.575882
35.47893036153747,-82.57523765257173
30.123387,-93.2959506
29.97004249999999,-94.05613559999998
29.76155249522132,-94.9063900608913
44.9647693,-74.89258099999999
44.9511554793777,-74.89348250449623
44.95269254872476,-74.89467104260552
35.45713176492705,-88.66767379299262
35.4581384,-88.6674039
35.45713261141631,-88.66582848088653
35.4564018,-88.66677849999999
35.45425936737622,-88.66457363000424
35.4539871,-88.66450499999999
35.4581380263459,-88.67455915669035
35.4579925,-88.6739501
35.43562247560988,-88.64133448681258
35.21897578877504,-87.05906237292096
35.2167054,-87.0590158
34.63571510881975,-86.85089904103559
34.6345849,-86.8517225
34.6386279,-86.8327347
34.6377345,-86.8749686
33.6369277,-86.7372501
33.63700194652014,-86.73573141012312
33.63352607181739,-86.73730978314897
33.63292949269859,-86.7388564371656
33.63258045950735,-86.73986164076898
33.63324890832433,-86.7413966158968
33.6349548,-86.73675109999999
33.63833761061388,-86.73760155383108
33.65911272517013,-86.71019996259854
33.6591949,-86.7108078
33.6160902,-86.1456607
33.61427834391839,-86.14437172821734
33.4201824,-86.7032931
33.3370398,-87.0007445
33.33510615003088,-87.00157084700712
33.314342,-87.0364567
33.31187,-87.039771
33.31133966211635,-87.04099470225394
33.3050981848817,-87.0399515302263
33.30411340679451,-87.04059886994844
33.30277281196897,-87.04143009741675
33.3054466,-87.0415878
33.30596471723906,-87.04789862696474
33.30405744853817,-87.04694543415854
33.3051259,-87.0473097
33.1860845,-87.2546246
33.1864598,-87.2708056
33.18639438854552,-87.26906518754882
33.20626376049989,-87.2684258986719
33.2065981,-87.2676609
33.20872061420415,-87.26396401408901
33.2079124,-87.2644729
33.2097123,-87.2655456
33.21005935654833,-87.2657748695524
33.1966514,-87.2499465
33.1964439695875,-87.248685560331
33.2033112,-87.1640558
33.20204055151667,-87.16413653055538
33.20842192432504,-87.16336235569248
33.2085151,-87.16136159999999
33.2052567,-87.17253029999999
42.67395459999999,-82.9498344
42.66831163108383,-82.95698990345309
42.6709385,-82.95666159999999
42.67385772766045,-82.97111070235944
42.605834,-83.04746999999999
42.60248730555897,-83.04736414456508
42.6030082,-83.0472183
42.6035804,-83.047297
42.6081875,-83.0494047
33.6275228,-83.8395441
33.62811227336033,-83.83913265573331
42.6238492,-84.0512651
43.356297,-81.011963
43.35649827945445,-81.01275144325068
43.35457275250663,-81.00859356701952
43.3523577579198,-81.00935204052128
43.35144979930632,-81.00461353521148
43.3512878,-81.00559989999999
43.34447796000943,-81.01329394758909
43.3453367,-81.01384449999999
43.3542140266027,-80.99950901307135
43.35378739999999,-80.9991761
25.44163585309247,-100.89142707343
25.4415617,-100.8917257
25.44579885835081,-100.889011891024
44.03251815955571,-79.79953684732823
44.0313093,-79.8009216
42.78722207805289,-82.49813552565551
42.7868728,-82.4994706
42.852466,-82.495335
43.1716352,-80.2199261
32.2566258,-86.3701885
39.34563674688656,-84.50001785792571
39.34533032698211,-84.49977341769777
39.34471884856379,-84.49965593127114
39.56902439865403,-84.26535752426759
39.56926935161368,-84.2650791699545
39.56939087834225,-84.2649067380791
39.69873948867439,-84.21530670912755
39.69853574296125,-84.21543233806533
39.69996763613959,-84.2166098014429
39.69986529135224,-84.21603584962914
39.69976294641313,-84.21542987475284
39.69965112491726,-84.2146662478762
39.78443534281875,-84.17879834535059
39.78538296100322,-84.17888663373559
39.78565932744173,-84.17882997754799
39.78590824557827,-84.17880164945414
39.78600099811367,-84.17838781295326
39.78609848278652,-84.17876346811032
39.7862148963411,-84.17801585276493
39.78581454646146,-84.17760201626403
39.78617893119892,-84.17759093135776
39.78650072390788,-84.17748377726379
39.78670988836161,-84.17778799635819
40.06808553463843,-84.24770265561489
40.06805690431228,-84.24795414442599
40.30502512270054,-84.16316500352873
40.09094777892116,-84.59545556402072
40.09055662811122,-84.59597516900234
40.09059160916949,-84.59546803454029
40.09130394680902,-84.59553662239784
40.09131348699468,-84.59630771619055
40.09170463345502,-84.59633681406953
40.09170145341156,-84.59677328225406
39.92221053454835,-82.95720133121416
39.92207544508409,-82.95723094869811
39.92211529451129,-82.95697530304717
39.92227748144069,-82.95699089119663
39.92236435290585,-82.95719717437431
39.92216341976377,-82.95604574176777
39.92191325767613,-82.98027906686701
39.92110231487367,-82.98090311244997
39.96787979452558,-83.1355323589247
39.96841501043939,-83.13417099387297
39.96831306487412,-83.13455446234939
39.96854881376308,-83.13469267727447
41.80680328028853,-80.95396304960408
41.80698163717798,-80.95395603493684
41.8654390711952,-80.80079779016538
41.86508384346801,-80.80101290662775
41.86505598238632,-80.80134961065583
41.87143353161074,-80.80397933146773
41.87157978756277,-80.80353195157858
41.87217409402032,-80.80574702761513
41.71347728796027,-83.54982094502905
41.71341445208207,-83.55029638358724
41.71380775712343,-83.54980691569456
41.71293969012811,-83.55027300136307
41.71263481663228,-83.55097914453306
41.71036567457126,-83.54921300720059
41.71039825769076,-83.54950606441021
41.71074270680103,-83.54932524187664
41.71700647116823,-83.57710332419299
41.71654162610342,-83.57750160141136
41.71651835467264,-83.57796846648732
41.70193598316654,-83.5405218344759
41.70167877495851,-83.54105183155713
41.70170554328153,-83.54136515336103
41.70199883026459,-83.54125603631489
41.7023980242865,-83.5405670401093
41.70275648211275,-83.54075721553258
41.70255048548928,-83.54158494626826
41.71877273539891,-83.51668443634001
41.71876226361965,-83.51637033512864
41.69478292302893,-83.52271246265207
41.69459758028064,-83.52254402171755
41.69464064710176,-83.52212002405257
41.69538674610107,-83.51703672851755
41.68894568279583,-83.50966587205106
41.6780787462446,-83.49500132045789
41.67834419866771,-83.49479243925528
41.66264831153927,-83.44970254105844
41.66493631831383,-83.44985180439676
41.6651517514045,-83.45039115436765
41.59447727495139,-83.54528869057721
41.59434962206944,-83.54556927726729
41.59466321636886,-83.54558642423167
41.59436011409665,-83.54444693050702
41.59473899171451,-83.54618500917049
41.59508405985595,-83.54614447998192
41.59463407198147,-83.54262779346645
41.5944848525118,-83.54384366912339
41.5943682745611,-83.54177044524683
41.59463757254508,-83.541649140981
41.14421808402792,-83.40782264615186
41.14579927417785,-83.40714300283594
41.14562671853155,-83.18727683131677
41.1456126323363,-83.18704612670494
41.34321441103985,-83.13797385283512
41.34360470673934,-83.13919284612199
41.26373031406282,-82.59991691893116
41.26404902460494,-82.59993874234037
41.26400684241662,-82.60053265083434
41.26399629686529,-82.60104705976613
40.80720741304763,-82.51606358660537
40.8069643558664,-82.51614152735262
41.46571176159212,-84.53838007989214
41.46605156556626,-84.53837652330492
39.8416467748473,-84.18552735006871
39.84154722228285,-84.18557081668135
39.79565313953874,-84.19385576337339
39.79563911223848,-84.19402347284438
39.7957446297476,-84.19387153754735
39.70503892312904,-84.21969596351528
39.70489940932394,-84.21975906021106
39.70465964188001,-84.21980463004688
39.70431471327645,-84.21993362773603
39.70409738021323,-84.22001355021732
39.40610290327665,-84.20474344876685
39.40613129678975,-84.20444479107353
39.40601246467938,-84.20492537757299
39.27742415918249,-84.49256467893204
39.32902305956488,-84.49374931939512
39.329043565991,-84.49394176431721
39.31254772359102,-84.46181371554047
40.36223657938511,-82.48572773619365
40.36220581974593,-82.4861299776292
41.40937751173338,-81.81529221788611
41.40944376326394,-81.81512658905972
41.40940984878996,-81.81498777632903